<?xml version="1.0"?>
<!--
** DO NOT EDIT THIS FILE.
** If you make changes to this file while any VirtualBox related application
** is running, your changes will be overwritten later, without taking effect.
** Use VBoxManage or the VirtualBox Manager GUI to make changes.
-->
<VirtualBox xmlns="http://www.innotek.de/VirtualBox-settings" version="1.12-windows">
  <Global>
    <ExtraData>
      <ExtraDataItem name="GUI/DetailsPageBoxes" value="general,system,preview,display,storage,audio,network,usb,sharedFolders,description"/>
      <ExtraDataItem name="GUI/GroupDefinitions/" value="m=d294c14c-b1c8-4914-a926-a128777af0b4,m=416d86b4-9048-497c-a7be-e6cca96eb8e0,m=7b15ffad-d64e-4e90-9c0f-e2577ba2acdc,m=918fe9dc-316b-40a8-b4b7-caf376726905"/>
      <ExtraDataItem name="GUI/LastItemSelected" value="m=XUBUNTU"/>
      <ExtraDataItem name="GUI/LastWindowPosition" value="298,89,770,550,max"/>
      <ExtraDataItem name="GUI/RecentFolderCD" value="C:/Users/Baghdadi/Desktop"/>
      <ExtraDataItem name="GUI/RecentFolderHD" value="E:/Softwares/64bit"/>
      <ExtraDataItem name="GUI/RecentListCD" value="C:\Users\Baghdadi\Desktop\ubuntu-12.04.5-server-i386.iso"/>
      <ExtraDataItem name="GUI/RecentListHD" value="E:\Softwares\64bit\Ubuntu 16.04 64bit.vdi"/>
      <ExtraDataItem name="GUI/SplitterSizes" value="454,907"/>
      <ExtraDataItem name="GUI/SuppressMessages" value="warnAboutInaccessibleMedia"/>
      <ExtraDataItem name="GUI/UpdateCheckCount" value="19"/>
      <ExtraDataItem name="GUI/UpdateDate" value="1 d, 2017-03-28, stable, 5.0.14"/>
      <ExtraDataItem name="HostOnly/VirtualBox Host-Only Ethernet Adapter #2/IPAddress" value="192.168.151.2"/>
      <ExtraDataItem name="HostOnly/VirtualBox Host-Only Ethernet Adapter #2/IPNetMask" value="255.255.255.0"/>
    </ExtraData>
    <MachineRegistry>
      <MachineEntry uuid="{d294c14c-b1c8-4914-a926-a128777af0b4}" src="C:\Users\Baghdadi\VirtualBox VMs\ubuntuserver\ubuntuserver.vbox"/>
      <MachineEntry uuid="{416d86b4-9048-497c-a7be-e6cca96eb8e0}" src="C:\Users\Baghdadi\VirtualBox VMs\XUBUNTU\XUBUNTU.vbox"/>
      <MachineEntry uuid="{7b15ffad-d64e-4e90-9c0f-e2577ba2acdc}" src="C:\Users\Baghdadi\VirtualBox VMs\ubuntu\ubuntu.vbox"/>
      <MachineEntry uuid="{f56961ae-7cda-410f-8408-6e310fda26f6}" src="C:\Users\Baghdadi\AppData\Local\Genymobile\Genymotion\deployed\Google Nexus 5 - 6.0.0 - API 23 - 1080x1920\Google Nexus 5 - 6.0.0 - API 23 - 1080x1920.vbox"/>
    </MachineRegistry>
    <MediaRegistry>
      <HardDisks/>
      <DVDImages/>
      <FloppyImages/>
    </MediaRegistry>
    <NetserviceRegistry>
      <DHCPServers>
        <DHCPServer networkName="HostInterfaceNetworking-VirtualBox Host-Only Ethernet Adapter" IPAddress="192.168.56.100" networkMask="255.255.255.0" lowerIP="192.168.56.101" upperIP="192.168.56.254" enabled="1"/>
        <DHCPServer networkName="HostInterfaceNetworking-VirtualBox Host-Only Ethernet Adapter #2" IPAddress="192.168.151.100" networkMask="255.255.255.0" lowerIP="192.168.151.101" upperIP="192.168.151.254" enabled="1"/>
      </DHCPServers>
    </NetserviceRegistry>
    <SystemProperties defaultMachineFolder="C:\Users\Baghdadi\VirtualBox VMs" defaultHardDiskFormat="VDI" VRDEAuthLibrary="VBoxAuth" webServiceAuthLibrary="VBoxAuth" LogHistoryCount="3" exclusiveHwVirt="false"/>
    <USBDeviceFilters/>
  </Global>
</VirtualBox>
